date,Dealer_buy,Dealer_sell,MarginPurchaseBuy,MarginPurchaseSell,ShortSaleBuy,ShortSaleSell,spread,close
2013-04-12,0.8656931745883427,-0.006117925872840768,0.06873037836959243,-0.11532873580252981,-0.17596105610518986,-0.26963165495533903,-0.09437881444001495,0.9516438487774053
2013-05-03,0.10911085438410126,0.5923676943377412,0.2003929384873846,0.04659897765562565,0.5059201748609402,-0.42085750821644596,-0.015166334497680845,-0.2812018992090126
2013-05-23,-0.0015752945760832433,-0.2516965216551547,0.18693473672316868,-0.127332517831628,0.07309502426480464,-0.10872917601865566,-0.19842769985304975,-0.4017607799385178
2013-06-13,-0.23750220558808435,0.3119779696104127,0.011549739967864417,0.07332658373288545,0.2619932304374254,-0.5237004089254277,-0.09720746753211668,-0.33294402553233293
2013-07-03,-0.20722577324716254,0.1847306180634662,0.017449221735232598,-0.004667951503041501,-0.37746854193306245,-0.7401288207359181,-0.07012769863828722,-0.03789532463260176
2013-07-23,0.16455774390288158,0.37538240893890834,0.5247769703916463,0.23498599970863931,0.3535174762183984,0.18079072442899144,0.36739666887825656,-0.46834518264072983
2013-08-12,0.02916518065740481,0.3408983061779841,0.17625240770253306,0.12604878592733285,-0.6171814178562759,0.314716038033557,-0.1861951954258244,0.19640518938382867
2013-09-02,-0.5290544960594937,-0.3199237506936855,0.09773771146794621,-0.06473741799181515,0.5088872082378336,0.23110155323694204,0.21223642984141344,-0.14235795081067792
2013-09-23,-0.33278700090879343,0.22678702487540453,0.12773575055678152,-0.04243955716210049,0.3019170744239322,-0.20222863195144786,-0.202289878726797,0.009807904913669119
2013-10-14,0.20777568987639594,0.4249370921635712,0.5417104313788965,-0.17204790770322806,0.18523989658045856,0.09385595974683464,0.006107572106363202,-0.16997079107093582
2013-11-01,0.29447879078814065,-0.4000487635797167,-0.10784086051746439,0.37239238235688293,0.5106676280233431,0.346324050273614,0.44918597217816914,1.1158945936772227
2013-11-21,-0.7621479504096078,0.23648606467333141,-0.2933907631578778,-0.5182565540186985,-0.05931484055251669,0.23245447363975863,-0.47550364366992454,-0.4870900703876895
2013-12-11,0.38001321340179817,0.4264468672368268,0.5050606193128128,0.52990313801092,0.2036354238618751,0.14801184445714524,0.3662175176378546,0.02680962554348193
2013-12-31,-0.3103108541021968,-0.3110533477239019,-0.28869262716238364,-0.3109788168345218,0.004920991562023483,-0.09743208172427996,0.14214619782745058,0.013602741415721875
2014-01-21,0.2685813912009987,0.13590864451348933,0.0600435698187006,0.4239058584756972,0.2826756302092233,0.15037072773451954,0.48534607479253494,0.014849510862927684
2014-02-18,-0.5255790032608201,0.2934479477870735,-0.2666901500379682,-0.21403116168056283,0.01257879628874771,0.17602466798526664,-0.44868404661826766,-0.08037070352964815
2014-03-11,0.23570718160917495,0.33344701474703276,0.3158478773503555,-0.03820692773481785,0.019503928766752332,-0.27686226581824025,-0.07340486882721176,0.5595500543775113
2014-03-31,0.4953485870940071,-0.4873042364575907,0.6002763869395202,-0.33116065637631575,0.038361462034556065,0.5094348605077541,0.2960373667758296,-0.011538663996091658
2014-04-21,0.35588533666022215,0.15488335751204407,0.007657317495713779,-0.1359441108832414,0.2520813227389857,-0.31600682518897705,0.09933605274241414,-0.2944528219176672
2014-05-12,-0.12272991562568172,0.04260226736974851,-0.05418778518306837,-0.042018082096104886,0.07520965473536786,-0.09142606289574258,-0.11553877557203662,-0.45584707962564924
2014-05-30,0.0475387178440729,0.07661908523257757,0.5675048917858518,0.528607859070257,0.25512442455925344,0.05213658740659183,0.642486625167997,0.5277974800777903
2014-06-20,0.4788401288087268,0.0584801901686014,0.19678984168215094,0.26423375488760603,0.24786823205627712,0.3532948521178858,0.29937920678963614,0.5890596337082391
2014-07-10,0.06431190029593722,0.17763826502294638,0.2455944018360566,-0.2366621260030739,0.4534865425243761,0.43173569005492235,-0.2853164356175343,0.7782773375182307
2014-07-31,0.14056399836713968,0.2754124865306481,0.10374783399885722,-0.17363252136382323,0.02442264242219369,0.04375922557970123,0.1088579421421737,0.4131163976341833
2014-08-20,0.5722227551981527,-0.14009453891033263,-0.04995599384375725,0.28734778136985084,-0.30494290969113974,-0.39316052524367007,-0.2372915370147201,-0.3597255411718898
2014-09-10,-0.49107462143320585,0.01139362814854182,-0.025560209296586936,-0.08429024770802437,-0.1253616420547465,0.17326796784703682,-0.12677998477030022,-0.1609412703044123
2014-09-30,-0.3375921654428753,-0.2838877993674423,-0.44103455306978956,0.22304072408964043,-0.28380922723756496,0.18414627251890214,0.1534216198546446,-0.35874642241509075
2014-10-21,0.1982444067308691,0.16033509988957717,-0.09067965980180148,-0.22846140492143274,0.29322652258457665,0.18564025252921543,-0.11973955699566213,0.825224996801392
2014-11-10,-0.07288195591530555,-0.466454578652782,0.28005367333791037,-0.6616130243546401,-0.09942024023269419,0.06697435131885533,-0.2197809941773166,-0.4774390162810277
2014-11-28,0.13211655255043264,0.20852293556039186,-0.1313218605442138,-0.14677671530549033,-0.006589059263483493,-0.08298281104640558,-0.13008060633165552,-0.23904787249466125
2014-12-18,-0.17411755964410905,-0.8705881719836783,-0.256861486444663,0.316305837710673,-0.19404089014624715,0.08057575600335923,-0.19652209916058316,-0.4670165454147896
2015-01-08,0.26723610031034295,-0.4322626765469285,0.028298211993162292,-0.046903026874569015,-0.3225377067047589,-0.36781457560930253,-0.13923777152076577,-0.4195322157814252
2015-01-28,-0.20879329939283223,0.25452869735321804,-0.24370614538950439,-0.3060871460509268,0.047263203545458196,-0.49148470290358104,0.7377298778930398,-0.19242154930411376
2015-02-25,0.2767108056388561,0.06174586091106096,0.3605647543713526,-0.19497098329477416,-0.15208025029813305,0.11373986152661343,0.5337601212508327,0.7225556766673413
2015-03-18,0.26440631874528714,0.3404673239888799,-0.4854410910255609,-0.23629833443675827,-0.495277872831426,-0.34817740215993415,-0.5294362895916389,-0.31363371919933336
2015-04-09,0.1274919868677548,-0.10786945039520945,0.3957888134503764,-0.02045148370156913,-0.02832963098527186,0.04338765693665003,-0.009903596105906576,-0.1601927852787633
2015-04-29,-0.2751731973088345,0.2809388416666254,-0.03382050746735908,0.08543033528539332,-0.5605729679410377,-0.6552728797913976,-0.003222558637749562,-0.11282746548458572
2015-05-20,-0.5714378431058882,-0.23933767891823554,0.22430396841383068,0.4477640165736143,-0.1967690257943286,-0.30787523772475306,-0.11169150830196112,-0.09282552154314305
2015-06-09,0.12426625323028576,-0.11979352499994783,-0.08755856148663108,-0.05711745077306252,0.3671620272346514,-0.16164177148168807,-0.13270771681334487,-0.4275483396192437
2015-06-30,0.21053918242837966,-0.35769798033838474,0.20830425850325746,-0.5830192764667075,0.07653431210490876,0.41694960790467633,0.24527480604010693,-0.06395737979010996
2015-07-21,0.3739913958008061,0.31987603727349373,-0.5331298509920945,-0.4386419613000929,0.16271012966146567,0.07049387156983183,-0.2806963402689695,-0.40718674862861165
2015-08-10,-0.30497290301688745,-0.2792290697240644,0.1202189353193295,-0.1375673619682693,0.1544446490773249,-0.34087632023429476,0.4411142540137777,0.2137319029152594
2015-08-28,-0.17311479248082207,-0.08039001611256294,0.02093713975945556,-0.4458679396582041,0.3373362193112045,-0.011739912377064773,-0.46022935115186364,-0.5203534448025702
2015-09-17,-0.6001256975697107,-0.20950609076214433,0.1770158761384247,-0.4195993699859798,-0.33190020294939143,-0.4470464623009702,-0.4107131517620637,-0.3031830665916177
2015-10-12,-0.19519409392255804,-0.3064395787876855,0.17125072854039675,-0.2714111651183789,-0.22967387100981207,-0.2782757425270069,-0.026994398133522002,-0.4501991908077571
2015-10-30,-0.10971460408005795,0.2893814397142758,-0.08141511717974803,-0.11724643466735596,-0.22917605168893762,-0.4877696136225327,-0.054707181225155055,-0.06363417364540647
2015-11-19,-0.31897855916907913,-0.46076919844051656,-0.03131424627890304,-0.24028126484015777,-0.39416507317262545,-0.400015896656029,0.06681897796115532,-0.43766212766391926
2015-12-09,-0.11875851498110776,0.2254218448256591,0.23402465086256558,0.26955795512026115,-0.15331235850476427,-0.08965882688274317,0.01050458700089485,-0.1320452356466324
2015-12-29,0.35284102275452167,0.4191374888615531,-0.1512864334194402,0.26565292288272524,0.20589392722756167,-0.10165705216716088,0.13070919713999912,0.5885674838452553
2016-01-19,-0.052903938218728144,-0.2179548694919607,-0.25883510047761865,0.3445461597967987,-0.30502020448971445,0.11389166392433774,-0.1402305997375471,-0.08982459572576362
2016-02-16,-0.08641416681344552,-0.10094100162740649,0.09965435537227108,0.11970247488648361,0.15616607871782778,0.26305302491500065,-0.06304767325721478,-0.288826658034584
2016-03-08,0.19190646327182626,0.2555712666608509,-0.16483246959134168,-0.541281886806128,-0.2056661288493986,-0.27608159823860745,0.0580881974716172,-0.4218688452547273
2016-03-28,0.21995242044164937,0.13191736736216447,-0.05960312525808789,-0.24820243233369269,0.3090674785370713,0.012460751878340337,0.28193654150787634,-0.08730137250335562
2016-04-19,-0.1562722641633409,0.5041179946744003,-0.020701213266146712,-0.11667577820283839,0.40215132105211915,-0.018727258282411466,-0.33734515044587987,-0.4613175544556888
2016-05-10,0.304993869195761,0.32364090353170216,-0.5049299585596879,-0.04843004858154776,0.21929534634184453,-0.020731526025329475,0.001495444244887234,-0.3979407021456944
2016-05-30,-0.158729194172807,-0.022503225145658473,-0.5391434832100552,0.1313113420984377,-0.44713308446662314,-0.24130072780013034,0.09442183400972687,0.25943859975386563
2016-06-20,0.21565262415537498,-0.05423638940095535,-0.09610831309684773,-0.5346051499520696,0.13839372317218693,-0.34371224290630437,-0.25203705727269493,0.45946139617525705
2016-07-11,-0.3977575428633209,-0.3816039855343186,-0.2741966818497252,-0.03667633870867998,-0.30714157676339676,-0.13521765107187694,-0.03577250624891054,0.5965423509796748
2016-07-29,0.2271382498033967,0.1833053589567123,0.37288239948892277,0.2855889095003803,0.4401213597953572,0.2204919103400501,0.2419141986981555,0.7258100482845442
2016-08-18,0.3386405498957574,-0.25564347554368905,0.43206520172404356,0.19264279721185423,0.1395966835618107,-0.14816787610322035,0.07801491363332164,-0.28656096976375345
2016-09-07,-0.18528710046033403,0.0766340196630499,-0.28578081533622657,-0.11094779476302224,-0.8211906016632577,-0.27972265461849566,0.15443737268652616,-0.022796594959063443
2016-09-30,-0.5701042981664036,-0.31630562646792115,-0.042446596609538895,0.07527944112644647,-0.28316885342358095,0.19487883165931474,-0.2629402903983697,-0.4271783552589018
2016-10-21,-0.061946676638742426,-0.050647741736876306,-0.14046643061400133,-0.038962235457713434,0.2473570697046103,-0.4981027691763744,0.03392254688574037,-0.06678236813365601
2016-11-10,-0.2930238006370115,0.08570095688913797,-0.36313656569366987,0.039825459556197984,-0.24350316743771724,-0.5203622314096499,-0.38158436352242886,-0.0505720288250861
2016-11-30,-0.20632017003827546,-0.31555532507174294,0.04620421187298343,0.14649215165870963,-0.495944332433394,-0.38819742501282306,-0.2692051701899726,0.33625646487086147
2016-12-20,0.07873913914362723,-0.08755859628926788,-0.16861859328323697,0.31957248631643065,-0.608506471681276,0.35777802777793455,-0.15028637533404643,-0.26974007010843326
2017-01-10,0.6619089006050229,0.5143801699390502,-0.26260178453984173,0.03594413530602002,-0.32062632306675143,-0.394292317381027,-0.29747166070609177,-0.28165537789838424
2017-02-07,-0.21765716674034932,-0.003919520604626442,0.21062825609326596,0.335187193901088,-0.3012295827766867,0.07792809113689153,0.294741134802338,-0.0676053896086779
2017-02-24,-0.47140593596188635,0.024207138790132546,-0.040030149924543096,0.207420531866637,0.026061001877844853,-0.5640096216202857,-0.09088072626940746,-0.11193101938648081
2017-03-20,-0.16205992779648293,0.4165742408271538,-0.4367658392552592,0.23038217234777042,-0.3946664395774454,0.13719822665609313,0.020633000667674373,0.06452160378074384
2017-04-11,-0.05957367943533742,0.2098057103963892,0.4486865543710291,-0.04970011329852597,-0.28228741772914134,-0.5875087355927145,0.3786762896393684,0.08328367453466995
2017-05-02,0.2547002996795589,-0.15210348577087313,0.17330297511212914,0.4915080552907046,0.0746434677295348,-0.2508993011529689,0.5211965097098413,-0.1961702662114802
2017-05-22,-0.12730851469599752,0.008313799932233981,-0.1657647552210787,0.40056255899857096,0.23173347093687002,0.16173472429552993,0.353641617750585,0.07092906320665127
2017-06-12,-0.4072173382761024,0.3227464532864403,0.14779962744530664,-0.6952082485342728,0.29402720505193025,0.45112857942805684,0.23374648684063323,0.349477595224302
2017-06-30,0.33945091218515755,-0.44929130334880496,0.214523783296867,0.23853933851971135,0.39324341712801614,0.41689981246830327,0.26952323082142854,-0.4630905935922775
2017-07-20,-0.4619364290727151,-0.11171077175416677,0.5967461807178274,0.5396728539433291,0.2909145061771162,0.48045556802413236,0.2688828721756183,0.3738682554263943
2017-08-09,0.40872166116271624,0.1970750286850568,0.19822582135313885,0.3979556692942319,-0.6889618986225551,0.029246627851560333,-0.25244591534728283,0.3429112282445446
2017-08-29,0.07648708686779057,-0.2101948553668209,-0.4282577333405588,-0.06454332148791916,0.38917344302933743,0.32282446475384724,-0.05345675626736107,-0.3543192289849477
2017-09-18,-0.1692568072752477,0.3321169059007867,-0.1279060582868511,0.04191381333518866,-0.5081823346683711,0.45026446440257073,0.04267112475936974,0.5459828453814364
2017-10-06,0.327123052784154,-0.3818263550297901,0.5455272510874081,0.26369975476692276,0.24275032008729042,0.33134470604717614,-0.2526220483813207,-0.34330899572728313
2017-10-30,0.06062816947745889,0.26987630877051705,-0.9686090283449518,0.24394396390941345,-0.06271737607712759,-0.3435401737901462,-0.16866947827861012,-0.3323583005346971
2017-11-17,0.12519147660090557,-0.26941934610794394,-0.08700497835902116,0.2149071866400962,0.04948628167884197,0.44784662389427843,1.0203264818784128,0.1439428719655001
2017-12-07,0.05131317349906522,-0.13249496984166448,0.19639138015033067,0.33309420865258943,-0.2788617640761146,0.20609744589007611,-0.12916070265576698,0.2866330683893985
2017-12-27,-0.316119322900788,0.38814667082103205,-0.08733614259522329,0.048398392208270295,-0.4949419902696952,0.18931110816144142,0.4962551788456392,-0.32193281597106765
2018-01-17,-0.4146428820991593,0.20277976226084138,0.38347300439735876,-0.06773238730438451,0.2639857137638329,0.2670451030068112,0.42885519816801687,-0.38057420615180415
2018-02-06,0.2650237892538248,-0.2657414480528931,0.0054187182945780316,-0.3086455574127277,-0.05566400791204765,0.12404430353891523,-0.20958307997090062,-0.1714021337324595
2018-03-07,-0.4191324816115364,-0.7180495853412731,-0.09350965921055726,-0.2345889726923455,-0.5754264283403284,-0.5833591091086022,-0.48938825713681844,-0.23006837547313874
2018-03-27,-0.03832179762369231,-0.0935081760966503,-0.02588718707391663,-0.18591187287405456,0.488746070985838,-0.18684619193949104,0.17014819763519234,-0.06422415117351171
2018-04-18,-0.13636848560826229,-0.38391593283380426,-0.2533613234270391,0.0890216508011584,0.2306211961294519,0.46225576708009786,-0.02718704317488707,-0.07948995703236522
2018-05-09,-0.3698526787148596,0.4019633592268976,0.07752957701460501,0.07057422008433088,-0.31262800889448694,0.08420398241310423,0.13966374411044025,0.19996474645589365
2018-05-29,0.2830476857478338,0.3606637571755383,-0.20402272034209812,0.031561715898014486,0.03198171170654324,-0.09408162415607556,0.004676365021597795,-0.3981786764257322
2018-06-19,-0.2920412464020554,0.04259749724041796,-0.42565123537985067,-0.08940435783191102,-0.4990314597666626,0.25729554620990275,-0.18575339699035115,0.46150265763485854
2018-07-09,0.27036739907867574,0.41162146998087146,0.05349889799630228,-0.4116088407514854,0.1453598753553274,-0.36137598892821665,-0.01611263414458347,0.7622177285243358
2018-07-27,-0.004523091215749869,0.037496218691034366,0.24437308166085112,0.3365963180366063,-0.21252948254998655,0.019839906921304037,-0.15600196149911655,0.5595629505029485
2018-08-16,-0.11398388842872714,-0.34965729099279075,-0.19517393285424034,0.2246919954323553,0.06702657263913643,0.22384441300059474,0.6827995838041994,0.9707239871377606
2018-09-05,0.21646601512193114,0.3772827562572097,0.05814655272760591,-0.27606063446341217,-0.19609048081410496,0.20170283075012152,-0.40677355306135676,-0.2457146219762899
2018-09-26,-0.2493610365319613,-0.6359196337624091,0.03816913100412539,-0.08727210018072934,0.32030082730152076,0.18070228424972723,-0.04669965130881609,0.16356907504652335
2018-10-17,-0.33664737936729855,0.007464685430401435,0.28747580624775115,-0.4212969080866101,-0.26552804197144186,-0.29301973524847136,-0.42501903605850516,-0.55850918320741
2018-11-06,-0.47277573689178026,0.28842067188586257,-0.32147698709040035,0.20989891644063355,0.05598987448618675,0.06673173042304192,0.39606617675701034,-0.31454158259226556
2018-11-26,0.024100474744069733,0.20349206965191133,0.3384065915029046,-0.13439741444956116,-0.2729665705792797,0.16874541985200753,0.25056389616425206,0.6823072789762124
2018-12-14,0.14841663874884173,-0.12306741117911384,-0.7532637120098599,-0.18100500825738647,-0.0812993769559541,0.0022057146531583305,-0.4228102627606759,-0.23534340420660715
2019-01-04,-0.2116723056148804,-0.22616794547179217,-0.23703233636657325,0.2805242827409836,0.06102031395038215,0.17760784963450132,0.32257242526151597,0.008660769011673397
2019-01-24,-0.21619725883777935,-0.12702649518875136,0.1268848405869682,-0.122090329724245,0.258901821216044,0.16364410547800712,0.17393033995961954,-0.015376127046861254
2019-02-22,-0.49773362869583176,-0.16392597606937337,-0.09020065674711036,0.13062437017220663,0.09127202735526654,-0.4626282661240142,0.2898450356127333,0.5604129156289808
2019-03-18,0.5231458469408932,0.15949897555666065,0.30776349414121934,0.09791096120404463,0.21553928619231894,0.34361915646736935,0.6301626379751061,0.7478311440335038
2019-04-09,-0.7392258948100059,0.2788001252809547,0.39137317145454054,-0.125011942975299,0.24564250518784228,0.31406360496056196,0.37401562413520756,0.13915876928953644
2019-04-29,0.17053510756918436,-0.4132107356844286,-0.25968960175949296,0.14979209288894843,0.049500801159239424,0.35306484401544475,0.18269764134788793,0.41847025100450574
2019-05-20,0.26861456461212213,0.22202543282687967,0.34453646326885123,-0.23384085255927206,-0.17868361965683022,0.20635545469164773,0.050994880255530006,0.06523849725501979
2019-06-10,-0.23403258800328913,0.09308194169409771,-0.2680186453200997,0.42888035548242864,0.09968284090130945,0.29953472659275143,0.3207004340452304,-0.11120072135410569
2019-06-28,0.11581312768570531,0.3093911794464479,0.47075247553915933,0.4174867780058402,0.16068486405776364,0.23221994345827962,0.07551018941303975,0.7809819344097579
2019-07-18,0.4833980391299397,-0.7163084562206092,-0.12832174290870085,0.2560629346257254,-0.24023864655544241,0.44558390281607035,0.41338875446898604,-0.391801705611697
2019-08-07,0.015825312660858293,0.31144677694358536,-0.2202541151041556,0.23553699179267468,-0.22719892533351804,-0.827640322379476,-0.18716193768360273,-0.4581120619854876
2019-08-28,-0.10827594871931473,0.32392120836517146,-0.6693385839621803,-0.592281716629772,-0.07318849596518698,-0.25748879306837963,0.06784601482022756,-0.1598113139953305
2019-09-18,0.38291507311177625,-0.6098440867425988,-0.17088624085306864,0.008282597687390023,0.17300385550255334,0.17680745120492392,-0.0787572567913506,-0.3571223374588555
2019-10-09,-0.6030687251481681,-0.11050152720984124,-0.06712426383607029,-0.20565451143498364,0.10767232731660997,-0.8400166892269089,-0.29955385323378525,-0.2913786445940822
2019-10-31,-0.24147032627196996,0.21868873321161666,0.29235558147461604,-0.11123027757626167,0.28483267236035914,0.20490474053805063,0.061563905112192285,-0.17855942908176975
2019-11-20,0.02609627142652715,0.1809730303003162,0.2923174608063855,0.6959723153074611,0.18145426451191,0.20417341920867763,-0.021886008811899504,0.9963672742249159
2019-12-10,0.37632689546456,0.08595339561172305,-0.12023353742469968,0.24979176154384952,-0.11016889750518746,0.15991554395988394,0.5995633622138888,0.5235469616736125
2019-12-30,0.18684220822845057,-0.30929198736332697,-0.09220094344866411,0.20028017594950995,0.25143345582000676,0.10661609663337523,0.39860577763421134,-0.39455441022763377
2020-01-20,0.30052735206507175,-0.36698388476703636,-0.36758191180009936,-0.04964240916613864,0.14300681887422276,0.35269383808537463,0.13514361285789078,0.23021961594761536
2020-02-18,-0.7309255056283772,-0.35879104337392453,-0.5368982849228524,-0.7762002944031882,-0.19440357153314244,-0.23903238086745554,-0.5721795220198002,-0.3916287224434184
2020-03-10,-0.4192973559755141,0.37200085315596676,0.20403122858454856,-0.04264175615098495,-0.476918791025139,0.23757965362091213,-0.3356370580430512,-0.37543652535817723
2020-03-30,-0.6483924236665327,-0.6359833308432694,-0.5842857513265449,-0.4092441505804211,0.2528626914314605,-0.6751722016349275,-0.3546135991829473,-0.4926331295171003
2020-04-21,-0.5319966677091256,-0.5262418324440761,0.3607581382983528,0.2984081788952967,0.3185700016658689,0.08895855587581952,-0.1457531730028907,-0.31138306652738773
2020-05-12,-0.2993011312139985,-0.4229570545801481,-0.16843263954550433,0.08909808913515349,-0.47118854039531777,-0.19779269160123253,-0.28423665317690927,-0.4561913616137795
2020-06-01,-0.2028111642588305,-0.3136897839370932,-0.04234009081824375,-0.06617134779322054,-0.17302809751137802,-0.21335565348932645,-0.3191952919619861,-0.20466590772033733
2020-06-19,-0.6228947297022946,-0.22041119785019092,-0.4577437731369756,0.11503177591738256,-0.32281262837397867,-0.05140244236656437,-0.3773067854299832,-0.40359754172413875
2020-07-13,-0.06923242236037919,-0.597959093625652,0.22247189932608383,0.24839201200158548,0.3520878128774124,0.022780812960106034,0.22278888188147067,1.277460338575421
2020-07-31,0.38435273788628305,0.13466770590009908,0.18883739483218454,-0.11321101976987605,-0.6153478207119454,0.13493970796299612,0.07867442310725109,-0.09931101716019985
2020-08-20,-0.12327379976390884,-0.6391668611030663,0.04515495298973032,0.09394860078669115,0.0873724621721621,0.4253035695770078,0.010994403146513232,0.8930796084961999
2020-09-09,0.21857205254751302,0.4253989297615764,0.03355896426965059,-0.25840576284989153,0.3130258193771478,0.17533352171158273,-0.39125799271897393,-0.275959190905749
2020-09-29,0.4124815023405383,-0.6404670398723931,-0.25127744716013556,0.23826148285666182,0.24594823191037563,0.050021623472324334,0.029393020193907826,-0.19946066742548135
2020-10-22,0.21629381013705282,-0.551526121163789,0.07022441372894525,0.47810333500348157,0.3410918439865942,0.43219037203612215,0.14423525972153617,0.7335130374060428
2020-11-11,0.10032106604345925,0.22009391705890513,-0.8549411248258965,-0.8226953195015524,-0.04125429089738926,-0.3946276987981828,-0.39784129225435344,-0.6061688496112767
2020-12-01,-0.5340074029658093,0.34983625161724935,-0.6322077464663538,-0.158178639886101,-0.647006223958329,-0.17317313891365455,-0.3083914208583043,-0.04720356298055084
2020-12-21,0.17503835599326562,0.10035630096170459,-0.1270377198437579,0.09642349697083219,-0.11389907984293102,-0.016068402436457366,-0.14485502287643348,-0.19393284099596558
2021-01-11,-0.18893032203861404,0.010206805577911288,0.052105149413746873,-0.23355912708694598,0.2999069413289165,0.24865738244639962,-0.23185849940778047,0.1009566456735414
2021-01-29,-0.17677501943105323,0.3585547190003144,0.3095462105354094,0.21872248697582253,-0.5044864717149586,-0.3846355774801905,-0.34761023011279807,-0.5528711084974738
2021-03-02,0.05486393578601584,0.16903076077135415,0.18135609891114907,-0.8046879351279235,-0.137425895299887,0.23590800392407843,-0.09626426232743734,-0.43950173624759703
2021-03-22,0.2832923806307252,0.4548136286948006,0.2684604085127966,0.033390101225815594,0.004875367685788279,0.37651857861609306,-0.13458352206798452,0.6718384803622852
2021-04-13,0.5945275065071807,0.05359709951451799,0.10530519152880483,0.25782293305340415,0.18913312205596766,-0.14950803171520677,-0.21524649874348378,-0.5323551630821497
2021-05-04,0.057393045298074735,0.19405566522628132,-0.4363272279869196,0.23922087152148241,-0.19205581828207108,0.11898843768465173,0.3567124543755146,-0.16161393723932838
2021-05-24,0.33616722397419385,-0.3568506738344207,-0.7069256329792757,-0.33437436866645565,0.06492175582065159,0.024755190828878226,-0.5564350056371659,-0.3560418944572687
2021-06-11,-0.14854582821912532,-0.17615199051527608,-0.02781192031244034,0.533138711078447,0.2211740872704103,0.27432710230101043,0.14693745063951852,-0.30849145201932276
2021-07-02,-0.49722858086906824,-0.09844132253879845,-0.16519784266668244,0.28462200398330506,0.4041798078897572,0.37561840863421686,-0.21972697475019914,-0.09941442544888834
2021-07-22,-0.31865206746850205,0.04107187401200657,0.28154268067988936,0.24022186984702945,0.0897808537876198,0.21028891648547754,0.33550857051210115,0.7770269333609225
2021-08-11,0.41473108289668514,0.4024973695783866,0.12837194778016092,0.301853540939224,0.18347651755635735,0.19096001810415403,0.25292451835856294,0.22078352252038294
2021-08-31,0.26970298502122164,0.3596169010003172,0.1413900979976661,0.264380640813671,-0.36776427857847216,0.15688759805434693,-0.039054764867081204,-0.18967155867442398
2021-09-22,0.28015653968778,-0.5556359193534018,0.36945452810745427,-0.1714445518292458,-0.16777339336159125,-0.04616989455909466,-0.3337207276138033,0.30442044758604814
2021-10-13,-0.37112908724555116,-0.39506950584898926,0.4054963174835718,0.18684542205239424,-0.2727166703033305,-0.04300654967116567,0.141717792579846,0.4580479218237138
2021-11-02,0.26249301978008033,0.572323671218282,0.13463506112879797,0.30911565713704425,0.4387105419216481,0.24399307714829563,0.31072318002658844,-0.42722170648776914
2021-11-22,0.3037078810997038,0.52663390226889,-0.5043823640824088,0.3506970661395593,0.177721504593369,-0.30405838859894807,0.07331662970371702,0.06707089453378551
2021-12-10,-0.3485137130615593,-0.05056980579760667,-0.38850964140486105,-0.1490976729019521,-0.2541893033300475,-0.31431992213662363,-0.3561673513224449,-0.42484850943222685
2021-12-30,0.3108296058543818,-0.10370598051362104,0.43519282682098415,0.02344178647279544,0.3646587813992487,0.28589135374424846,0.10083692928077786,-0.38292998763841246
2022-01-20,-0.054099970167114264,-0.5427195571669838,-0.4627101591801806,-0.335536883083999,0.2170503195668422,-0.7115781416403253,-0.010981505352575305,0.29470288459237015
2022-02-18,-0.13120612025015987,-0.6046893883914225,0.3430122429574399,-0.22551854721183834,-0.046780070730084895,0.24980880624024104,-0.3015193462265137,-0.21958544169878635
2022-03-11,-0.2710805081554628,0.10616926939679175,0.0860546182964865,-0.6138499457877529,-0.11876897345435392,0.4184830771509234,-0.3479617177214949,-0.38720430439089143
2022-03-31,-0.33154060223809173,-0.03156693646798364,0.47080514485183506,0.16180515184228156,0.08897187925188726,0.2915291772720173,0.4543520891477019,0.46411321153189994
2022-04-22,0.34446311084398523,0.36721953477238306,0.19102763875209783,0.47015401289201847,0.030715532710264386,0.33367319814757984,-0.21877582092559023,0.8841209441231586
2022-05-13,-0.16928813595469772,0.14317532517297227,-0.295464287577221,-0.27576888589251813,0.2016178938239741,-0.27053896060372346,-0.43394014144855786,-0.6337615233595169
2022-06-02,-0.49812253006046814,0.2917203354092769,0.057207649819222564,0.3237890934111127,0.1638422655963298,-0.33397422887416306,-0.19409932699959176,-0.17108012358715963
2022-06-23,-0.09007820388391075,0.48319314767914723,-0.05623550324427529,0.25933811962572767,0.20756498394113607,0.4260885718718904,-0.15534198194065052,-0.35933305363547413
2022-07-13,-0.5276483308037458,0.3953106402790314,0.26541692962715785,-0.03513911869816602,0.13201460719212615,0.33741864758964946,0.17364330962202462,1.3254309727668394
2022-08-02,-0.3595166977106378,-0.4887503947388456,-0.10927658486977161,0.10901594860706713,-0.012198709079187353,-0.5981745733062681,-0.2465087268582813,0.9725557662240646
2022-08-22,0.09858569534837722,-0.2543946174718138,-0.08416864928022842,-0.373954541412512,0.14516682863544236,0.21041379891338974,-0.2330000832115393,-0.556523832837542
2022-09-12,0.4361242912551745,-0.6069081149059938,-0.2052839264105542,0.13970121681501319,0.23000374904127974,-0.15787804634213704,-0.18741891046682008,0.07737133420219694
2022-09-30,0.2061202280405729,-0.07602404609991376,0.11975386585505356,0.38846681746519207,0.2483194300345196,-0.7440420275797336,0.3418010659013495,0.25402328130434415
2022-10-21,-0.08682412422672509,-0.27781348612015444,0.12034875479442168,-0.08798097141718464,0.0787564983424111,0.19951938769269445,0.1339627813141892,0.08268229799243426
2022-11-10,-0.509670714151472,0.3974040441105243,0.1531973735642495,-0.5710825231577749,0.23944653109750635,0.3202913537096506,0.11726665218490068,-0.24382233741347387
2022-11-30,0.48829640789370515,-0.11022447002999214,-0.02759788754299758,0.5494129322189595,-0.03430299355023413,0.398376759892665,-0.21140583489056342,-0.25640103376671725
2022-12-20,0.2328785410157093,-0.5404914595916512,-0.008025902382018876,0.16738739175127054,0.1786162784670079,0.27933011936008545,0.2869990917045249,0.4589575968567671
2023-01-10,0.3678186348712353,-0.23742657893076946,0.4733143642948648,-3.024065400145104e-05,0.17384560910074298,-0.24815800015080286,-0.06813850425300438,-0.14871218250971807
2023-02-09,0.360899232458484,-0.0326505243093293,0.5533674157525996,-0.6607602722660413,-0.03708735189093938,0.30257388370181154,-0.44642193576422556,0.25415040222909174
